{
    "value0": {
        "cam.T_i_c": [
            {
                "px": 0.0,
                "py": 0.0,
                "pz": 0.0,
                "qx": 0.0,
                "qy": 0.0,
                "qz": 0.0,
                "qw": 1.0
            },
            {
                "px": 0.10960220177714075,
                "py": -0.00010490052806700287,
                "pz": 0.0037400002055084206,
                "qx": 0.005389357928739971,
                "qy": -0.0381800849875592,
                "qz": 0.003278934586413812,
                "qw": 0.9992509617305538
            }
        ],
        "cam.intrinsics": [
            {
                "cam_type": "pinhole",
                "fx": 546.2147378586982,
                "fy": 551.5811503832609,
                "cx": 399.0884109494396,
                "cy": 208.37160821353988,
                "p1": 0.0,
                "p2": 0.0,
                "p3": 0.0,
                "p4": 0.0
            },
            {
                "cam_type": "pinhole",
                "fx": 547.2084958014367,
                "fy": 550.3778903534299,
                "cx": 368.8628411405755,
                "cy": 215.16198122823909,
                "p1": 0.0,
                "p2": 0.0,
                "p3": 0.0,
                "p4": 0.0
            }
        ]
    }
}