{
    "value0": {
        "cam.T_i_c": [
            {
                "px": 0.0,
                "py": 0.0,
                "pz": 0.0,
                "qx": 0.0,
                "qy": 0.0,
                "qz": 0.0,
                "qw": 1.0
            },
            {
                "px": 0.11002674958788153,
                "py": -0.0002891377986657835,
                "pz": 0.00024662504992001955,
                "qx": 0.007123658988065932,
                "qy": 0.0006289220700000715,
                "qz": 0.001077495211590841,
                "qw": 0.9999738481299002
            }
        ],
        "cam.intrinsics": [
            {
                "cam_type": "ds",
                "fx": 351.0372832168706,
                "fy": 350.0074555977391,
                "cx": 365.8880973548213,
                "cy": 249.34573836993602,
                "p1": -0.23853128172699096,
                "p2": 0.5678694845290959,
                "p3": 0.0,
                "p4": 0.0
            },
            {
                "cam_type": "ds",
                "fx": 362.9532887030654,
                "fy": 361.8568553744133,
                "cx": 379.35501913798887,
                "cy": 256.03924167771847,
                "p1": -0.21063783723054917,
                "p2": 0.5776109411992839,
                "p3": 0.0,
                "p4": 0.0
            }
        ]
    }
}