{
    "value0": {
        "cam.T_i_c": [
            {
                "px": 0.0,
                "py": 0.0,
                "pz": 0.0,
                "qx": 0.0,
                "qy": 0.0,
                "qz": 0.0,
                "qw": 1.0
            },
            {
                "px": 0.11002263076486127,
                "py": -0.00028831176294511206,
                "pz": 0.00025193738175626547,
                "qx": 0.0071296487226686629,
                "qy": 0.0006308484199464806,
                "qz": 0.0010771978182017267,
                "qw": 0.9999738045490108
            }
        ],
        "cam.intrinsics": [
            {
                "cam_type": "kb4",
                "fx": 461.15819016326068,
                "fy": 459.80802859479737,
                "cx": 365.8972386901173,
                "cy": 249.35492318319,
                "p1": -0.004593052532206773,
                "p2": 0.027532432037034365,
                "p3": -0.03697767177100695,
                "p4": 0.01861021724557398
            },
            {
                "cam_type": "kb4",
                "fx": 459.7448068651981,
                "fy": 458.35350534633889,
                "cx": 379.36396149546416,
                "cy": 256.0435254270624,
                "p1": 0.004549588612678916,
                "p2": 0.0024854904916102656,
                "p3": -0.010601348784733579,
                "p4": 0.010781041140896645
            }
        ]
    }
}