{
    "value0": {
        "cam.T_i_c": [
            {
                "px": 0.0,
                "py": 0.0,
                "pz": 0.0,
                "qx": 0.0,
                "qy": 0.0,
                "qz": 0.0,
                "qw": 1.0
            },
            {
                "px": 0.11002631815223615,
                "py": -0.0002890896437821951,
                "pz": 0.00024618114440043626,
                "qx": 0.007123595350702435,
                "qy": 0.0006300007991471235,
                "qz": 0.0010774305748141415,
                "qw": 0.9999738479738504
            }
        ],
        "cam.intrinsics": [
            {
                "cam_type": "eucm",
                "fx": 460.9794986620863,
                "fy": 459.62650958263296,
                "cx": 365.88674928964186,
                "cy": 249.34648604420407,
                "p1": 0.5916648096407777,
                "p2": 1.124112539944131,
                "p3": 0.0,
                "p4": 0.0
            },
            {
                "cam_type": "eucm",
                "fx": 459.796064348762,
                "fy": 458.40630958578466,
                "cx": 379.3544250501396,
                "cy": 256.04009949802289,
                "p1": 0.6060839010938579,
                "p2": 1.0883509197303739,
                "p3": 0.0,
                "p4": 0.0
            }
        ]
    }
}